"DATE","SEX","UCR","AGE","TIME","LOCATION","GEOCODE_OVERRIDE","LINK","LAT","LNG","IS_FATAL","HOUR","HOUR_HH","MINUTES_MM","ID"
"2018-02-05","M","041A","25","01:40","3400 W 66th St, Chicago, IL 60629","(41.7737, -87.70803)","http://www.chicagotribune.com/news/local/breaking/ct-met-chicago-shootings-violence-20180204-story.html","41.7737"," -87.70803","0","01:40:00","1","40","18430"
"2018-02-05","M","110","","00:55","11858 S Indiana Ave, Chicago, IL 60628","(41.6783134710257, -87.617890386903)","http://www.chicagotribune.com/news/local/breaking/ct-met-chicago-shootings-violence-20180204-story.html","41.6783134710257"," -87.617890386903","1","00:55:00","0","55","18429"
"2018-02-04","M","041A","30","19:23","9500 S Halsted St, Chicago, IL 60628","(41.72127, -87.64358)","","41.72127"," -87.64358","0","19:23:00","19","23","18428"
"2018-02-04","M","041A","32","22:10","6600 S Saint Louis Ave, Chicago, IL 60629","(41.773261789795, -87.7103357551847)","http://www.chicagotribune.com/news/local/breaking/ct-met-chicago-shootings-violence-20180204-story.html","41.773261789795"," -87.7103357551847","0","22:10:00","22","10","18427"
"2018-02-04","M","041A","32","21:56","3200 E 91st St, Chicago, IL 60617","(41.7301671745089, -87.5467372254062)","http://www.chicagotribune.com/news/local/breaking/ct-met-chicago-shootings-violence-20180204-story.html","41.7301671745089"," -87.5467372254062","0","21:56:00","21","56","18426"
"2018-02-04","M","110","18","00:35","11700 S Sangamon St, Chicago, IL 60643","(41.68124, -87.64603)","http://www.chicagotribune.com/news/local/breaking/ct-met-chicago-shootings-violence-020418-story.html","41.68124"," -87.64603","1","00:35:00","0","35","18424"
"2018-02-04","M","041A","23","00:35","11700 S Sangamon St, Chicago, IL 60643","(41.68124, -87.64603)","http://www.chicagotribune.com/news/local/breaking/ct-met-chicago-shootings-violence-020418-story.html","41.68124"," -87.64603","0","00:35:00","0","35","18423"
"2018-02-04","F","041A","19","00:35","11700 S Sangamon St, Chicago, IL 60643","(41.68124, -87.64603)","http://www.chicagotribune.com/news/local/breaking/ct-met-chicago-shootings-violence-020418-story.html","41.68124"," -87.64603","0","00:35:00","0","35","18422"
"2018-02-03","M","110","25","10:28","7700 S Yates Blvd, Chicago, IL 60649","(41.75521, -87.56663)","http://www.chicagotribune.com/news/local/breaking/ct-met-chicago-shootings-violence-020418-story.html","41.75521"," -87.56663","1","10:28:00","10","28","18425"
"2018-02-03","M","041A","26","14:46","11300 S King Dr, Chicago, IL 60628","(41.6889612713068, -87.613323319844)","http://www.chicagotribune.com/news/local/breaking/ct-met-chicago-shootings-violence-020418-story.html","41.6889612713068"," -87.613323319844","0","14:46:00","14","46","18421"
"2018-02-03","M","041A","23","15:14","140 W Garfield Blvd, Chicago, IL 60609","(41.7946249660334, -87.6293900000549)","http://www.chicagotribune.com/news/local/breaking/ct-met-chicago-shootings-violence-020418-story.html","41.7946249660334"," -87.6293900000549","0","15:14:00","15","14","18420"
"2018-02-03","M","041A","25","12:20","10000 S Bensley Ave, Chicago, IL 60617","(41.71334, -87.56371)","http://www.chicagotribune.com/news/local/breaking/ct-met-chicago-shootings-violence-020418-story.html","41.71334"," -87.56371","0","12:20:00","12","20","18419"
"2018-02-03","M","041A","24","12:20","10000 S Bensley Ave, Chicago, IL 60617","(41.71334, -87.56371)","http://www.chicagotribune.com/news/local/breaking/ct-met-chicago-shootings-violence-020418-story.html","41.71334"," -87.56371","0","12:20:00","12","20","18418"
"2018-02-03","M","041A","18","12:57","4100 W Washington Blvd, Chicago, IL 60624","(41.88239, -87.72845)","http://www.chicagotribune.com/news/local/breaking/ct-met-chicago-shootings-violence-020418-story.html","41.88239"," -87.72845","0","12:57:00","12","57","18417"
"2018-02-03","M","041A","28","2:03","1500 W Jonquil Terrace, Chicago, IL 60626","(42.0211775018665, -87.669000197071)","http://www.chicagotribune.com/news/local/breaking/ct-met-chicago-shootings-violence-20180202-story.html","42.0211775018665"," -87.669000197071","0","02:03:00","2","3","18415"
"2018-02-03","M","041A","20","1:09","3200 W Roosevelt Rd, Chicago, IL 60624","(41.86672, -87.706)","http://www.chicagotribune.com/news/local/breaking/ct-met-chicago-shootings-violence-20180202-story.html","41.86672"," -87.706","0","01:09:00","1","9","18414"
"2018-02-03","M","041A","53","00:04","100 E 119th Pl, Chicago, IL 60628","(41.6771880661816, -87.6202977932031)","http://www.chicagotribune.com/news/local/breaking/ct-met-chicago-shootings-violence-20180202-story.html","41.6771880661816"," -87.6202977932031","0","00:04:00","0","4","18413"
"2018-02-03","M","041A","25","14:59","","None","http://www.chicagotribune.com/news/local/breaking/ct-met-chicago-shootings-violence-020418-story.html","None","","0","14:59:00","14","59","9595"
"2018-02-02","F","110","56","21:51","8600 S Carpenter St, Chicago, IL 60620","(41.73766, -87.65009)","http://www.chicagotribune.com/news/local/breaking/ct-met-chicago-shootings-violence-20180202-story.html","41.73766"," -87.65009","1","21:51:00","21","51","18416"
"2018-02-02","M","041A","20","22:45","3200 S Ashland Ave, Chicago, IL 60608","(41.83544, -87.66607)","http://www.chicagotribune.com/news/local/breaking/ct-met-chicago-shootings-violence-20180202-story.html","41.83544"," -87.66607","0","22:45:00","22","45","18412"
"2018-02-02","M","041A","24","18:17","6600 N Damen Ave, Chicago, IL 60645","(42.00172, -87.68052)","http://www.chicagotribune.com/news/local/breaking/ct-met-chicago-shootings-violence-20180202-story.html","42.00172"," -87.68052","0","18:17:00","18","17","18411"
"2018-02-02","M","110","19","15:54","401 S Pulaski Rd, Chicago, IL 60624","(41.87548, -87.72331)","http://www.chicagotribune.com/news/local/breaking/ct-met-chicago-shootings-violence-20180202-story.html","41.87548"," -87.72331","1","15:54:00","15","54","18410"
"2018-02-02","M","041A","24","15:01","6400 S Kedzie Ave, Chicago, IL 60629","(41.7770121455716, -87.7031573202595)","http://www.chicagotribune.com/news/local/breaking/ct-met-chicago-shootings-violence-20180202-story.html","41.7770121455716"," -87.7031573202595","0","15:01:00","15","1","18409"
"2018-02-02","F","041A","17","00:15","7300 S Wabash Ave, Chicago, IL 60619","(41.7617, -87.62369)","http://www.chicagotribune.com/news/local/breaking/ct-met-chicago-shootings-violence-20180201-story.html","41.7617"," -87.62369","0","00:15:00","0","15","18408"
"2018-02-02","M","041A","22","00:15","7300 S Wabash Ave, Chicago, IL 60619","(41.7617, -87.62369)","http://www.chicagotribune.com/news/local/breaking/ct-met-chicago-shootings-violence-20180201-story.html","41.7617"," -87.62369","0","00:15:00","0","15","18407"
"2018-02-02","M","041A","24","00:00","500 W 87th St, Chicago, IL 60620","(41.7363549671198, -87.63671417125)","http://www.chicagotribune.com/news/local/breaking/ct-met-chicago-shootings-violence-20180201-story.html","41.7363549671198"," -87.63671417125","0","00:00:00","0","0","18406"
"2018-02-01","M","041A","25","19:10","2600 W 64th St, Chicago, IL 60629","(41.7773218907972, -87.6886652076542)","http://www.chicagotribune.com/news/local/breaking/ct-met-chicago-shootings-violence-20180201-story.html","41.7773218907972"," -87.6886652076542","0","19:10:00","19","10","18405"
"2018-01-31","M","110","29","23:20","7700 S Racine Ave, Chicago, IL 60620","(41.754, -87.65426)","http://www.chicagotribune.com/news/local/breaking/ct-met-chicago-shootings-violence-20180131-story.html","41.754"," -87.65426","1","23:20:00","23","20","18404"
"2018-01-31","M","110","20","13:36","11100 S Emerald Ave, Chicago, IL 60628","(41.69222, -87.64147)","http://www.chicagotribune.com/news/local/breaking/ct-met-chicago-shootings-violence-20180131-story.html","41.69222"," -87.64147","1","13:36:00","13","36","18403"
"2018-01-31","M","041A","31","23:20","7700 S Racine Ave, Chicago, IL 60620","(41.754, -87.65426)","http://www.chicagotribune.com/news/local/breaking/ct-met-chicago-shootings-violence-20180131-story.html","41.754"," -87.65426","0","23:20:00","23","20","18401"
"2018-01-31","F","110","","23:10","4700 W Arthington St, Chicago, IL 60644","(41.8696500172272, -87.742616219454)","http://www.chicagotribune.com/news/local/breaking/ct-met-chicago-shootings-violence-20180131-story.html","41.8696500172272"," -87.742616219454","1","23:10:00","23","10","18400"
"2018-01-31","M","110","","23:10","4700 W Arthington St, Chicago, IL 60644","(41.8696500172272, -87.742616219454)","http://www.chicagotribune.com/news/local/breaking/ct-met-chicago-shootings-violence-20180131-story.html","41.8696500172272"," -87.742616219454","1","23:10:00","23","10","18399"
"2018-01-31","M","041A","11","20:50","10300 S Avenue N, Chicago, IL 60617","(41.70804, -87.53925)","http://www.chicagotribune.com/news/local/breaking/ct-met-chicago-11-year-old-boy-shot-20180131-story.html","41.70804"," -87.53925","0","20:50:00","20","50","18398"
"2018-01-31","M","041A","36","18:04","12400 S Normal Ave, Chicago, IL 60628","(41.66862, -87.63471)","http://www.chicagotribune.com/news/local/breaking/ct-met-chicago-shootings-violence-20180131-story.html","41.66862"," -87.63471","0","18:04:00","18","4","18397"
"2018-01-31","M","041A","25","13:36","11100 S Emerald Ave, Chicago, IL 60628","(41.69222, -87.64147)","http://www.chicagotribune.com/news/local/breaking/ct-met-chicago-shootings-violence-20180131-story.html","41.69222"," -87.64147","0","13:36:00","13","36","18396"
"2018-01-31","M","041A","23","14:30","2600 S Drake Ave, Chicago, IL 60623","(41.844282143449, -87.7136073712965)","http://www.chicagotribune.com/news/local/breaking/ct-met-chicago-shootings-violence-20180131-story.html","41.844282143449"," -87.7136073712965","0","14:30:00","14","30","18395"
"2018-01-31","M","041A","16","9:47","3300 W Harrison St, Chicago, IL 60624","(41.873917, -87.708518)","http://www.chicagotribune.com/news/local/breaking/ct-met-chicago-shootings-violence-20180131-story.html","41.873917"," -87.708518","0","09:47:00","9","47","18394"
"2018-01-31","M","041A","25","9:47","3300 W Harrison St, Chicago, IL 60624","(41.873917, -87.708518)","http://www.chicagotribune.com/news/local/breaking/ct-met-chicago-shootings-violence-20180131-story.html","41.873917"," -87.708518","0","09:47:00","9","47","18393"
"2018-01-31","M","041A","19","9:47","3300 W Harrison St, Chicago, IL 60624","(41.873917, -87.708518)","http://www.chicagotribune.com/news/local/breaking/ct-met-chicago-shootings-violence-20180131-story.html","41.873917"," -87.708518","0","09:47:00","9","47","18392"
"2018-01-31","F","041A","27","05:05","1100 N Leavitt St, Chicago, IL 60622","(41.9014167698341, -87.6821719359871)","http://www.chicagotribune.com/news/local/breaking/ct-met-chicago-shootings-violence-20180130-story.html","41.9014167698341"," -87.6821719359871","0","05:05:00","5","5","18391"
"2018-01-31","M","041A","29","05:05","1100 N Leavitt St, Chicago, IL 60622","(41.9014167698341, -87.6821719359871)","http://www.chicagotribune.com/news/local/breaking/ct-met-chicago-shootings-violence-20180130-story.html","41.9014167698341"," -87.6821719359871","0","05:05:00","5","5","18390"
"2018-01-30","M","110","43","21:51","2424 W Eastwood Ave, Chicago, IL 60625","(41.96597, -87.68982)","http://www.chicagotribune.com/news/local/breaking/ct-met-chicago-shootings-violence-20180130-story.html","41.96597"," -87.68982","1","21:51:00","21","51","18402"
"2018-01-30","F","041A","24","23:46","2100 W Washington Blvd, Chicago, IL 60612","(41.8833, -87.67928)","http://www.chicagotribune.com/news/local/breaking/ct-met-chicago-shootings-violence-20180130-story.html","41.8833"," -87.67928","0","23:46:00","23","46","18389"
"2018-01-30","M","110","21","20:01","5700 N Talman Ave, Chicago, IL 60659","(41.98508, -87.69591)","http://www.chicagotribune.com/news/local/breaking/ct-met-chicago-shootings-violence-20180130-story.html","41.98508"," -87.69591","1","20:01:00","20","1","18388"
"2018-01-30","F","041A","28","05:00","4800 S Cottage Grove Ave, Chicago, IL 60615","(41.80748, -87.6069)","http://www.chicagotribune.com/news/local/breaking/ct-met-chicago-shootings-violence-20180130-story.html","41.80748"," -87.6069","0","05:00:00","5","0","18387"
"2018-01-29","M","041A","23","12:47","4200 W Jackson Blvd, Chicago, IL 60624","(41.87727, -87.73058)","http://www.chicagotribune.com/news/local/breaking/ct-met-chicago-shootings-violence-20180129-story.html","41.87727"," -87.73058","0","12:47:00","12","47","18386"
"2018-01-28","M","041A","24","4:00","7300 S Halsted St, Chicago, IL 60621","(41.7614, -87.64468)","http://www.chicagotribune.com/news/local/breaking/ct-met-chicago-shootings-violence-20180127-story.html","41.7614"," -87.64468","0","04:00:00","4","0","18385"
"2018-01-28","F","041A","23","2:57","6000 S Troy St, Chicago, IL 60629","(41.78427, -87.70241)","http://www.chicagotribune.com/news/local/breaking/ct-met-chicago-shootings-violence-20180127-story.html","41.78427"," -87.70241","0","02:57:00","2","57","18384"
"2018-01-28","M","033A","33","1:35","5700 W Huron St, Chicago, IL 60644","(41.8932, -87.76806)","http://www.chicagotribune.com/news/local/breaking/ct-met-chicago-shootings-violence-20180127-story.html","41.8932"," -87.76806","0","01:35:00","1","35","18383"
"2018-01-28","F","041A","32","2:00","Unknown","None","http://www.chicagotribune.com/news/local/breaking/ct-met-chicago-shootings-violence-20180127-story.html","None","","0","02:00:00","2","0","9594"
"2018-01-27","M","110","38","00:20","2500 W Division St, Chicago, IL 60622","(41.90329, -87.68965)","http://www.chicagotribune.com/news/local/breaking/ct-met-chicago-shootings-violence-20180126-story.html","41.90329"," -87.68965","1","00:20:00","0","20","18382"
"2018-01-27","M","041A","19","18:40","1800 S Western Ave, Chicago, IL 60608","(41.856384, -87.687332)","http://www.chicagotribune.com/news/local/breaking/ct-met-chicago-shootings-violence-20180127-story.html","41.856384"," -87.687332","0","18:40:00","18","40","18381"
"2018-01-27","M","","64","17:58","800 E 76th St, Chicago, IL 60619","(41.7567978974211, -87.6051674876202)","http://www.chicagotribune.com/news/local/breaking/ct-met-chicago-shootings-violence-20180127-story.html","41.7567978974211"," -87.6051674876202","0","17:58:00","17","58","18380"
"2018-01-27","M","041A","22","16:00","2400 S Albany Ave, Chicago, IL 60623","(41.8480516656191, -87.7027352632125)","http://www.chicagotribune.com/news/local/breaking/ct-met-chicago-shootings-violence-20180127-story.html","41.8480516656191"," -87.7027352632125","0","16:00:00","16","0","18379"
"2018-01-27","F","041A","39","16:00","2400 S Albany Ave, Chicago, IL 60623","(41.8480516656191, -87.7027352632125)","http://www.chicagotribune.com/news/local/breaking/ct-met-chicago-shootings-violence-20180127-story.html","41.8480516656191"," -87.7027352632125","0","16:00:00","16","0","18378"
"2018-01-27","M","041A","13","13:44","2000 W 52nd St, Chicago, IL 60609","(41.7989820826457, -87.6746251919919)","http://www.chicagotribune.com/news/local/breaking/ct-met-chicago-shootings-violence-20180127-story.html","41.7989820826457"," -87.6746251919919","0","13:44:00","13","44","18377"
"2018-01-27","M","041A","23","11:13","1300 W 110th St, Chicago, IL 60643","(41.6940619467791, -87.6547549449616)","http://www.chicagotribune.com/news/local/breaking/ct-met-chicago-shootings-violence-20180127-story.html","41.6940619467791"," -87.6547549449616","0","11:13:00","11","13","18376"
"2018-01-27","M","110","20","11:13","1300 W 110th St, Chicago, IL 60643","(41.6940619467791, -87.6547549449616)","http://www.chicagotribune.com/news/local/breaking/ct-met-chicago-shootings-violence-20180127-story.html","41.6940619467791"," -87.6547549449616","1","11:13:00","11","13","18375"
"2018-01-27","F","041A","26","5:20","12000 S Eggleston Ave, Chicago, IL 60628","(41.67589, -87.63375)","http://www.chicagotribune.com/news/local/breaking/ct-met-chicago-shootings-violence-20180126-story.html","41.67589"," -87.63375","0","05:20:00","5","20","18374"
"2018-01-27","M","041A","26","2:30","2500 S Spaulding Ave, Chicago, IL 60623","(41.84616, -87.70786)","http://www.chicagotribune.com/news/local/breaking/ct-met-chicago-shootings-violence-20180126-story.html","41.84616"," -87.70786","0","02:30:00","2","30","18373"
"2018-01-27","M","041A","30","3:30","1800 W 36th St, Chicago, IL 60609","(41.828654966044, -87.670395)","http://www.chicagotribune.com/news/local/breaking/ct-met-chicago-shootings-violence-20180126-story.html","41.828654966044"," -87.670395","0","03:30:00","3","30","18372"
"2018-01-27","M","041A","28","00:20","2500 W Division St, Chicago, IL 60622","(41.90329, -87.68965)","http://www.chicagotribune.com/news/local/breaking/ct-met-chicago-shootings-violence-20180126-story.html","41.90329"," -87.68965","0","00:20:00","0","20","18371"
"2018-01-26","M","1477","12","22:15","1800 S Avers Ave, Chicago, IL 60623","(41.85694, -87.72149)","http://www.chicagotribune.com/news/local/breaking/ct-met-chicago-shootings-violence-20180126-story.html","41.85694"," -87.72149","0","22:15:00","22","15","18370"
"2018-01-26","M","041A","19","19:34","1300 E 76th St, Chicago, IL 60619","(41.7569349667532, -87.5928661523061)","http://www.chicagotribune.com/news/local/breaking/ct-met-chicago-shootings-violence-20180126-story.html","41.7569349667532"," -87.5928661523061","0","19:34:00","19","34","18369"
"2018-01-26","M","041A","21","16:54","5400 S Winchester Ave, Chicago, IL 60609","(41.79566, -87.67347)","http://www.chicagotribune.com/news/local/breaking/ct-met-chicago-shootings-violence-20180126-story.html","41.79566"," -87.67347","0","16:54:00","16","54","18368"
"2018-01-26","M","041A","26","13:45","1800 N Luna Ave, Chicago, IL 60639","(41.91316, -87.7647)","http://www.chicagotribune.com/news/local/breaking/ct-met-chicago-shootings-violence-20180126-story.html","41.91316"," -87.7647","0","13:45:00","13","45","18367"
"2018-01-26","M","041A","20","13:45","1800 N Luna Ave, Chicago, IL 60639","(41.91316, -87.7647)","http://www.chicagotribune.com/news/local/breaking/ct-met-chicago-shootings-violence-20180126-story.html","41.91316"," -87.7647","0","13:45:00","13","45","18366"
"2018-01-26","M","110","26","9:49","7000 S Vincennes Ave, Chicago, IL 60621","(41.766716, -87.627782)","http://www.chicagotribune.com/news/local/breaking/ct-met-chicago-shootings-violence-20180126-story.html","41.766716"," -87.627782","1","09:49:00","9","49","18365"
"2018-01-26","M","041A","15","2:49","3300 W 25th St, Chicago, IL 60623","(41.846348739036, -87.7077166382242)","http://www.chicagotribune.com/news/local/breaking/ct-met-chicago-shootings-violence-20180125-story.html","41.846348739036"," -87.7077166382242","0","02:49:00","2","49","18364"
"2018-01-25","M","041A","18","21:45","3100 N Menard Ave, Chicago, IL 60634","(41.93681, -87.77162)","http://www.chicagotribune.com/news/local/breaking/ct-met-chicago-shootings-violence-20180125-story.html","41.93681"," -87.77162","0","21:45:00","21","45","18363"
"2018-01-25","M","041A","21","18:04","800 N Central Park Ave, Chicago, IL 60651","(41.8956356540503, -87.7163562115671)","http://www.chicagotribune.com/news/local/breaking/ct-met-chicago-shootings-violence-20180125-story.html","41.8956356540503"," -87.7163562115671","0","18:04:00","18","4","18362"
"2018-01-25","M","041A","22","16:55","4200 S Saint Lawrence Ave, Chicago, IL 60653","(41.8183611961041, -87.6117689722408)","http://www.chicagotribune.com/news/local/breaking/ct-met-chicago-shootings-violence-20180125-story.html","41.8183611961041"," -87.6117689722408","0","16:55:00","16","55","18361"
"2018-01-25","M","041A","26","14:20","800 S Claremont Ave, Chicago, IL 60612","(41.87122, -87.6853)","http://www.chicagotribune.com/news/local/breaking/ct-met-chicago-shootings-violence-20180125-story.html","41.87122"," -87.6853","0","14:20:00","14","20","18360"
"2018-01-25","M","041A","26","12:45","800 S Claremont Ave, Chicago, IL 60612","(41.87122, -87.6853)","http://www.chicagotribune.com/news/local/breaking/ct-met-chicago-shootings-violence-20180125-story.html","41.87122"," -87.6853","0","12:45:00","12","45","18359"
"2018-01-24","M","110","","6:31","400 S Pulaski Rd, Chicago, IL 60624","(41.8751321585071, -87.7255374641697)","http://www.chicagotribune.com/news/local/breaking/ct-met-chicago-violence-shootings-20180123-story.html","41.8751321585071"," -87.7255374641697","1","06:31:00","6","31","18358"
"2018-01-24","M","041A","36","4:45","2900 W 25th St, Chicago, IL 60623","(41.84667, -87.69791)","http://www.chicagotribune.com/news/local/breaking/ct-met-chicago-violence-shootings-20180123-story.html","41.84667"," -87.69791","0","04:45:00","4","45","18357"
"2018-01-24","M","110","46","14:45","5000 W Fullerton Ave, Chicago, IL 60639","(41.92448, -87.75144)","http://www.chicagotribune.com/news/local/breaking/ct-met-chicago-violence-shootings-20180124-story.html","41.92448"," -87.75144","1","14:45:00","14","45","18356"
"2018-01-24","M","041A","30","20:15","7200 S Aberdeen St, Chicago, IL 60621","(41.76314, -87.65198)","http://www.chicagotribune.com/news/local/breaking/ct-met-chicago-violence-shootings-20180124-story.html","41.76314"," -87.65198","0","20:15:00","20","15","18355"
"2018-01-24","M","041A","30","13:50","1100 N California Ave, Chicago, IL 60622","(41.901275, -87.69684)","http://www.chicagotribune.com/news/local/breaking/ct-met-chicago-violence-shootings-20180124-story.html","41.901275"," -87.69684","0","13:50:00","13","50","18354"
"2018-01-24","F","041A","27","13:50","1100 N California Ave, Chicago, IL 60622","(41.901275, -87.69684)","http://www.chicagotribune.com/news/local/breaking/ct-met-chicago-violence-shootings-20180124-story.html","41.901275"," -87.69684","0","13:50:00","13","50","18353"
"2018-01-24","M","041A","21","05:03","5100 W Chicago Ave, Chicago, IL 60651","(41.89526, -87.75334)","http://www.chicagotribune.com/news/local/breaking/ct-met-chicago-violence-shootings-20180123-story.html","41.89526"," -87.75334","0","05:03:00","5","3","18351"
"2018-01-23","M","041A","16","13:22","1800 N Francisco Ave, Chicago, IL 60647","(41.91408, -87.69953)","http://www.chicagotribune.com/news/local/breaking/ct-met-chicago-violence-shootings-20180123-story.html","41.91408"," -87.69953","0","13:22:00","13","22","18350"
"2018-01-23","M","041A","18","04:15","3200 W Madison St, Chicago, IL 60624","(41.88129, -87.70628)","http://www.chicagotribune.com/news/local/breaking/ct-violence-shootings-20180122-story.html","41.88129"," -87.70628","0","04:15:00","4","15","18346"
"2018-01-23","M","110","18","19:30","4200 W Hirsch St, Chicago, IL 60651","(41.90639, -87.73165)","","41.90639"," -87.73165","1","19:30:00","19","30","9593"
"2018-01-22","","110","26","20:13","2600 E 83rd St, Chicago, IL 60617","(41.74477, -87.5611)","http://www.chicagotribune.com/news/local/breaking/ct-violence-shootings-20180122-story.html","41.74477"," -87.5611","1","20:13:00","20","13","18345"
"2018-01-22","M","041A","68","15:45","4400 S Ashland Ave, Chicago, IL 60609","(41.81389, -87.66548)","http://www.chicagotribune.com/news/local/breaking/ct-violence-shootings-20180122-story.html","41.81389"," -87.66548","0","15:45:00","15","45","18344"
"2018-01-22","M","041A","32","15:45","4400 S Ashland Ave, Chicago, IL 60609","(41.81389, -87.66548)","http://www.chicagotribune.com/news/local/breaking/ct-violence-shootings-20180122-story.html","41.81389"," -87.66548","0","15:45:00","15","45","18343"
"2018-01-22","M","041A","36","19:08","2600 S Kedvale Ave, Chicago, IL 60623","(41.8440714697966, -87.7282443686507)","http://www.chicagotribune.com/news/local/breaking/ct-violence-shootings-20180122-story.html","41.8440714697966"," -87.7282443686507","0","19:08:00","19","8","18342"
"2018-01-22","F","041A","13","19:54","7400 S Ashland Ave, Chicago, IL 60636","(41.75925, -87.6639)","http://www.chicagotribune.com/news/local/breaking/ct-violence-shootings-20180122-story.html","41.75925"," -87.6639","0","19:54:00","19","54","18341"
"2018-01-22","M","041A","28","18:48","3800 W Ferdinand St, Chicago, IL 60624","(41.8899521663121, -87.7212054211913)","http://www.chicagotribune.com/news/local/breaking/ct-violence-shootings-20180122-story.html","41.8899521663121"," -87.7212054211913","0","18:48:00","18","48","18340"
"2018-01-22","F","041A","23","18:48","3800 W Ferdinand St, Chicago, IL 60624","(41.8899521663121, -87.7212054211913)","http://www.chicagotribune.com/news/local/breaking/ct-violence-shootings-20180122-story.html","41.8899521663121"," -87.7212054211913","0","18:48:00","18","48","18339"
"2018-01-22","M","110","28","02:00","5900 S Springfield Ave, Chicago, IL 60629","(41.7858317899952, -87.7205557670073)","http://www.chicagotribune.com/news/local/breaking/ct-chicago-shootings-violence-012118-story.html","41.7858317899952"," -87.7205557670073","1","02:00:00","2","0","18338"
"2018-01-21","M","110","41","2:20","12900 S Halsted St, Chicago, IL 60628","(41.65944, -87.64167)","http://www.chicagotribune.com/news/local/breaking/ct-met-chicago-shootings-violence-20180120-story.html","41.65944"," -87.64167","1","02:20:00","2","20","18349"
"2018-01-21","M","110","19","3:00","6000 W Belden St, Chicago, IL 60639","(41.9220349664193, -87.7758243227749)","http://www.chicagotribune.com/news/local/breaking/ct-met-chicago-shootings-violence-20180120-story.html","41.9220349664193"," -87.7758243227749","1","03:00:00","3","0","18348"
"2018-01-21","M","110","25","3:00","6000 W Belden St, Chicago, IL 60639","(41.9220349664193, -87.7758243227749)","http://www.chicagotribune.com/news/local/breaking/ct-met-chicago-shootings-violence-20180120-story.html","41.9220349664193"," -87.7758243227749","1","03:00:00","3","0","18347"
"2018-01-21","M","041A`","40","23:00","800 N Lake Shore Dr, Chicago, IL 60611","(41.8968910330482, -87.6171797728695)","http://www.chicagotribune.com/news/local/breaking/ct-chicago-shootings-violence-012118-story.html","41.8968910330482"," -87.6171797728695","0","23:00:00","23","0","18337"
"2018-01-21","F","041A","18","18:44","1200 W 33rd Pl, Chicago, IL 60608","(41.83369, -87.65607)","http://www.chicagotribune.com/news/local/breaking/ct-chicago-shootings-violence-012118-story.html","41.83369"," -87.65607","0","18:44:00","18","44","18336"
"2018-01-21","M","031A","","11:45","5700 S Mozart St, Chicago, IL 60629","(41.78988, -87.69525)","http://www.chicagotribune.com/news/local/breaking/ct-chicago-shootings-violence-012118-story.html","41.78988"," -87.69525","0","11:45:00","11","45","18335"
"2018-01-21","M","041A","27","4:30","5800 N Western Ave, Chicago, IL 60659","(41.9869360120984, -87.6896049652817)","http://www.chicagotribune.com/news/local/breaking/ct-met-chicago-shootings-violence-20180120-story.html","41.9869360120984"," -87.6896049652817","0","04:30:00","4","30","18334"
"2018-01-21","M","041A","26","4:15","10500 S Western Ave, Chicago, IL 60643","(41.70261, -87.6819)","http://www.chicagotribune.com/news/local/breaking/ct-met-chicago-shootings-violence-20180120-story.html","41.70261"," -87.6819","0","04:15:00","4","15","18333"
"2018-01-21","M","041A","28","2:45","2300 S Oakley Ave, Chicago, IL 60608","(41.85012, -87.68348)","http://www.chicagotribune.com/news/local/breaking/ct-met-chicago-shootings-violence-20180120-story.html","41.85012"," -87.68348","0","02:45:00","2","45","18332"
"2018-01-21","M","1477","24","1:20","6300 S Morgan St, Chicago, IL 60621","(41.7795822345485, -87.6496877059453)","http://www.chicagotribune.com/news/local/breaking/ct-met-chicago-shootings-violence-20180120-story.html","41.7795822345485"," -87.6496877059453","0","01:20:00","1","20","18331"
"2018-01-21","F","041A","30","1:00","3200 W Division St, Chicago, IL 60651","(41.9028449664351, -87.7069342673604)","http://www.chicagotribune.com/news/local/breaking/ct-met-four-shot-party-20180121-story.html","41.9028449664351"," -87.7069342673604","0","01:00:00","1","0","18330"
"2018-01-21","M","041A","21","1:00","3200 W Division St, Chicago, IL 60651","(41.9028449664351, -87.7069342673604)","http://www.chicagotribune.com/news/local/breaking/ct-met-four-shot-party-20180121-story.html","41.9028449664351"," -87.7069342673604","0","01:00:00","1","0","18329"
"2018-01-21","M","041A","24","1:00","3200 W Division St, Chicago, IL 60651","(41.9028449664351, -87.7069342673604)","http://www.chicagotribune.com/news/local/breaking/ct-met-four-shot-party-20180121-story.html","41.9028449664351"," -87.7069342673604","0","01:00:00","1","0","18328"
"2018-01-21","F","041A","19","1:00","3200 W Division St, Chicago, IL 60651","(41.9028449664351, -87.7069342673604)","http://www.chicagotribune.com/news/local/breaking/ct-met-four-shot-party-20180121-story.html","41.9028449664351"," -87.7069342673604","0","01:00:00","1","0","18327"
"2018-01-20","M","110","23","13:16","100 W 69th St, Chicago, IL 60621","(41.7691532664184, -87.6279036169888)","http://www.chicagotribune.com/news/local/breaking/ct-met-chicago-shootings-violence-20180120-story.html","41.7691532664184"," -87.6279036169888","1","13:16:00","13","16","18352"
"2018-01-20","M","041A","44","23:40","3900 S Indiana Ave, Chicago, IL 60653","(41.8236319274891, -87.6216564095408)","http://www.chicagotribune.com/news/local/breaking/ct-met-chicago-shootings-violence-20180120-story.html","41.8236319274891"," -87.6216564095408","0","23:40:00","23","40","18326"
"2018-01-20","M","041A","65","18:05","5600 W Division St, Chicago, IL 60651","(41.90233, -87.76578)","http://www.chicagotribune.com/news/local/breaking/ct-met-chicago-shootings-violence-20180120-story.html","41.90233"," -87.76578","0","18:05:00","18","5","18325"
"2018-01-20","M","041A","23","18:10","400 E 63rd St, Chicago, IL 60637","(41.78051, -87.61539)","http://www.chicagotribune.com/news/local/breaking/ct-met-chicago-shootings-violence-20180120-story.html","41.78051"," -87.61539","0","18:10:00","18","10","18324"
"2018-01-20","F","041A","5","19:15","2300 N Laramie Ave, Chicago, IL 60639","(41.9224164142473, -87.7561633566067)","http://www.chicagotribune.com/news/local/breaking/ct-met-chicago-shootings-violence-20180120-story.html","41.9224164142473"," -87.7561633566067","0","19:15:00","19","15","18323"
"2018-01-20","F","041A","30","19:15","2300 N Laramie Ave, Chicago, IL 60639","(41.9224164142473, -87.7561633566067)","http://www.chicagotribune.com/news/local/breaking/ct-met-chicago-shootings-violence-20180120-story.html","41.9224164142473"," -87.7561633566067","0","19:15:00","19","15","18322"
"2018-01-20","F","041A","","17:30","2100 S Damen Ave, Chicago, IL 60608","(41.853881802178, -87.6759258806357)","http://www.chicagotribune.com/news/local/breaking/ct-met-chicago-shootings-violence-20180120-story.html","41.853881802178"," -87.6759258806357","0","17:30:00","17","30","18321"
"2018-01-20","M","041A","29","17:30","2100 S Damen Ave, Chicago, IL 60608","(41.853881802178, -87.6759258806357)","http://www.chicagotribune.com/news/local/breaking/ct-met-chicago-shootings-violence-20180120-story.html","41.853881802178"," -87.6759258806357","0","17:30:00","17","30","18320"
"2018-01-20","M","041A","19","14:31","3900 W Arthington St, Chicago, IL 60624","(41.87011, -87.72308)","http://www.chicagotribune.com/news/local/breaking/ct-met-chicago-shootings-violence-20180120-story.html","41.87011"," -87.72308","0","14:31:00","14","31","18319"
"2018-01-20","M","041A","","5:40","7600 S Ada St, Chicago, IL 60620","(41.75478285359, -87.6571102760364)","http://www.chicagotribune.com/news/local/breaking/ct-met-police-shooting-20180120-story.html","41.75478285359"," -87.6571102760364","0","05:40:00","5","40","18318"
"2018-01-20","M","041A","40","3:00","5500 W Congress Pkwy, Chicago, IL 60644","(41.87411, -87.76184)","http://www.chicagotribune.com/news/local/breaking/ct-met-chicago-shootings-violence-20180119-story.html","41.87411"," -87.76184","0","03:00:00","3","0","18317"
"2018-01-19","M","041A","29","23:20","10200 S Commercial Ave, Chicago, IL 60617","(41.70985, -87.55274)","http://www.chicagotribune.com/news/local/breaking/ct-met-chicago-shootings-violence-20180119-story.html","41.70985"," -87.55274","0","23:20:00","23","20","18316"
"2018-01-19","M","041A","43","21:56","400 W 86th Pl, Chicago, IL 60620","(41.7376132456596, -87.6355745326451)","http://www.chicagotribune.com/news/local/breaking/ct-met-chicago-shootings-violence-20180119-story.html","41.7376132456596"," -87.6355745326451","0","21:56:00","21","56","18315"
"2018-01-19","M","041A","25","21:56","400 W 86th Pl, Chicago, IL 60620","(41.7376132456596, -87.6355745326451)","http://www.chicagotribune.com/news/local/breaking/ct-met-chicago-shootings-violence-20180119-story.html","41.7376132456596"," -87.6355745326451","0","21:56:00","21","56","18314"
"2018-01-19","M","110","31","18:35","2900 E 79th St, Chicago, IL 60649","(41.75216, -87.55375)","http://www.chicagotribune.com/news/local/breaking/ct-met-chicago-shootings-violence-20180119-story.html","41.75216"," -87.55375","1","18:35:00","18","35","18313"
"2018-01-19","M","041A","33","15:30","700 N Central Park Ave, Chicago, IL 60624","(41.89379, -87.71662)","http://www.chicagotribune.com/news/local/breaking/ct-met-chicago-shootings-violence-20180119-story.html","41.89379"," -87.71662","0","15:30:00","15","30","18312"
"2018-01-18","M","110","36","2:50","6600 S Evans Ave, Chicago, IL 60637","(41.7748, -87.6074)","http://www.chicagotribune.com/news/local/breaking/ct-met-chicago-violence-shootings-20180117-story.html","41.7748"," -87.6074","1","02:50:00","2","50","18311"
"2018-01-18","M","110","37","2:50","6600 S Evans Ave, Chicago, IL 60637","(41.7748, -87.6074)","http://www.chicagotribune.com/news/local/breaking/ct-met-chicago-violence-shootings-20180117-story.html","41.7748"," -87.6074","1","02:50:00","2","50","18310"
"2018-01-18","F","041A","18","23:33","7100 S Halsted St, Chicago, IL 60621","(41.76493, -87.64477)","http://www.chicagotribune.com/news/local/breaking/ct-met-chicago-shootings-violence-20180118-story.html","41.76493"," -87.64477","0","23:33:00","23","33","18309"
"2018-01-18","F","041A","30","21:14","4300 W Gladys Ave, Chicago, IL 60624","(41.87634, -87.73302)","http://www.chicagotribune.com/news/local/breaking/ct-met-chicago-shootings-violence-20180118-story.html","41.87634"," -87.73302","0","21:14:00","21","14","18308"
"2018-01-18","M","041A","30","20:42","10100 S Winston Ave, Chicago, IL 60643","(41.71122592042, -87.6562613786376)","http://www.chicagotribune.com/news/local/breaking/ct-met-chicago-shootings-violence-20180118-story.html","41.71122592042"," -87.6562613786376","0","20:42:00","20","42","18307"
"2018-01-18","M","041A","15","18:00","1200 S Homan Ave, Chicago, IL 60623","(41.8662220201148, -87.710576854035)","http://www.chicagotribune.com/news/local/breaking/ct-met-chicago-shootings-violence-20180118-story.html","41.8662220201148"," -87.710576854035","0","18:00:00","18","0","18306"
"2018-01-18","M","041A","17","16:50","600 N Leclaire Ave, Chicago, IL 60644","(41.89146, -87.75336)","http://www.chicagotribune.com/news/local/breaking/ct-met-chicago-shootings-violence-20180118-story.html","41.89146"," -87.75336","0","16:50:00","16","50","18305"
"2018-01-18","M","041A","33","16:50","600 N Leclaire Ave, Chicago, IL 60644","(41.89146, -87.75336)","http://www.chicagotribune.com/news/local/breaking/ct-met-chicago-shootings-violence-20180118-story.html","41.89146"," -87.75336","0","16:50:00","16","50","18304"
"2018-01-18","M","041A","21","13:30","5200 W Adams St, Chicago, IL 60644","(41.8785219856061, -87.75517546199)","http://www.chicagotribune.com/news/local/breaking/ct-met-chicago-shootings-violence-20180118-story.html","41.8785219856061"," -87.75517546199","0","13:30:00","13","30","18303"
"2018-01-18","M","041A","23","13:30","5200 W Adams St, Chicago, IL 60644","(41.8785219856061, -87.75517546199)","http://www.chicagotribune.com/news/local/breaking/ct-met-chicago-shootings-violence-20180118-story.html","41.8785219856061"," -87.75517546199","0","13:30:00","13","30","18302"
"2018-01-17","M","041A","23","18:50","4600 N Central Park Ave, Chicago, IL 60625","(41.96487, -87.71849)","http://www.chicagotribune.com/news/local/breaking/ct-met-chicago-violence-shootings-20180117-story.html","41.96487"," -87.71849","0","18:50:00","18","50","18301"
"2018-01-17","M","041A","16","18:50","4600 N Central Park Ave, Chicago, IL 60625","(41.96487, -87.71849)","http://www.chicagotribune.com/news/local/breaking/ct-met-chicago-violence-shootings-20180117-story.html","41.96487"," -87.71849","0","18:50:00","18","50","18300"
"2018-01-16","M","041A","26","18:18","100 N Albany Ave, Chicago, IL 60612","(41.8829671463784, -87.7037403968088)","http://www.chicagotribune.com/news/local/breaking/ct-met-chicago-shootings-violence-011618-story.html","41.8829671463784"," -87.7037403968088","0","18:18:00","18","18","18299"
"2018-01-16","M","041A","41","07:42","2700 S Washtenaw Ave, Chicago, IL 60629","(41.8465, -87.69286)","http://www.chicagotribune.com/news/local/breaking/ct-met-chicago-shootings-violence-011618-story.html","41.8465"," -87.69286","0","07:42:00","7","42","18298"
"2018-01-16","M","041A","22","01:59","5900 S Sacramento Ave, Chicago, IL 60629","(41.7861814395029, -87.6985141803788)","http://www.chicagotribune.com/news/local/breaking/ct-met-chicago-violence-shootings-20180115-story.html","41.7861814395029"," -87.6985141803788","0","01:59:00","1","59","18296"
"2018-01-16","F","041A","24","01:59","5900 S Sacramento Ave, Chicago, IL 60629","(41.7861814395029, -87.6985141803788)","http://www.chicagotribune.com/news/local/breaking/ct-met-chicago-violence-shootings-20180115-story.html","41.7861814395029"," -87.6985141803788","0","01:59:00","1","59","18295"
"2018-01-16","M","041A","23","00:57","1500 S Morgan St, Chicago, IL 60608","(41.8609339158858, -87.6509025284336)","http://www.chicagotribune.com/news/local/breaking/ct-met-chicago-violence-shootings-20180115-story.html","41.8609339158858"," -87.6509025284336","0","00:57:00","0","57","18294"
"2018-01-15","M","041A","26","19:43","4200 S Michigan Ave, Chicago, IL 60653","(41.8181, -87.62351)","http://www.chicagotribune.com/news/local/breaking/ct-met-chicago-violence-shootings-20180115-story.html","41.8181"," -87.62351","0","19:43:00","19","43","18293"
"2018-01-15","M","041A","17","19:43","4200 S Michigan Ave, Chicago, IL 60653","(41.8181, -87.62351)","http://www.chicagotribune.com/news/local/breaking/ct-met-chicago-violence-shootings-20180115-story.html","41.8181"," -87.62351","0","19:43:00","19","43","18292"
"2018-01-15","M","041A","28","19:43","4200 S Michigan Ave, Chicago, IL 60653","(41.8181, -87.62351)","http://www.chicagotribune.com/news/local/breaking/ct-met-chicago-violence-shootings-20180115-story.html","41.8181"," -87.62351","0","19:43:00","19","43","18291"
"2018-01-15","M","041A","28","17:16","9900 S Carpenter St, Chicago, IL 60643","(41.7138518717689, -87.6491460673308)","http://www.chicagotribune.com/news/local/breaking/ct-met-chicago-violence-shootings-20180115-story.html","41.7138518717689"," -87.6491460673308","0","17:16:00","17","16","18290"
"2018-01-15","M","041A","26","12:18","4700 W Lake St, Chicago, IL 60644","(41.8864560565851, -87.7431886493213)","http://www.chicagotribune.com/news/local/breaking/ct-met-chicago-violence-shootings-20180115-story.html","41.8864560565851"," -87.7431886493213","0","12:18:00","12","18","18289"
"2018-01-14","M","041A","25","18:12","12300 S Union Ave, Chicago, IL 60628","(41.67037, -87.6396)","http://www.chicagotribune.com/news/local/breaking/ct-met-chicago-violence-shootings-20180114-story.html","41.67037"," -87.6396","0","18:12:00","18","12","18288"
"2018-01-14","M","041A","23","00:40","2800 W 21st St, Chicago, IL 60623","(41.8537820589028, -87.6956853602879)","http://www.chicagotribune.com/news/local/breaking/ct-met-chicago-shootings-violence-20180113-story.html","41.8537820589028"," -87.6956853602879","0","00:40:00","0","40","18287"
"2018-01-14","M","041A","19","00:40","2800 W 21st St, Chicago, IL 60623","(41.8537820589028, -87.6956853602879)","http://www.chicagotribune.com/news/local/breaking/ct-met-chicago-shootings-violence-20180113-story.html","41.8537820589028"," -87.6956853602879","0","00:40:00","0","40","18286"
"2018-01-13","F","041A","25","20:25","5300 W North Ave, Chicago, IL 60639","(41.90977, -87.7583)","http://www.chicagotribune.com/news/local/breaking/ct-met-chicago-shootings-violence-20180113-story.html","41.90977"," -87.7583","0","20:25:00","20","25","18285"
"2018-01-13","M","041A","29","20:25","5300 W North Ave, Chicago, IL 60639","(41.90977, -87.7583)","http://www.chicagotribune.com/news/local/breaking/ct-met-chicago-shootings-violence-20180113-story.html","41.90977"," -87.7583","0","20:25:00","20","25","18284"
"2018-01-13","M","041A","16","20:24","6700 N Hermitage Ave, Chicago, IL 60626","(42.0036158057594, -87.6740257591784)","http://www.chicagotribune.com/news/local/breaking/ct-met-chicago-shootings-violence-20180113-story.html","42.0036158057594"," -87.6740257591784","0","20:24:00","20","24","18283"
"2018-01-13","M","041A","","4:03","3900 W Arthington St, Chicago, IL 60624","(41.87011, -87.72308)","http://www.chicagotribune.com/news/local/breaking/ct-met-chicago-shootings-violence-20180112-story.html","41.87011"," -87.72308","0","04:03:00","4","3","18282"
"2018-01-13","M","041A","37","4:03","3900 W Arthington St, Chicago, IL 60624","(41.87011, -87.72308)","http://www.chicagotribune.com/news/local/breaking/ct-met-chicago-shootings-violence-20180112-story.html","41.87011"," -87.72308","0","04:03:00","4","3","18281"
"2018-01-13","F","041A","18","4:03","3900 W Arthington St, Chicago, IL 60624","(41.87011, -87.72308)","http://www.chicagotribune.com/news/local/breaking/ct-met-chicago-shootings-violence-20180112-story.html","41.87011"," -87.72308","0","04:03:00","4","3","18280"
"2018-01-13","M","041A","27","4:39","1400 W 47th St, Chicago, IL 60609","(41.80966, -87.66065)","http://www.chicagotribune.com/news/local/breaking/ct-met-chicago-shootings-violence-20180112-story.html","41.80966"," -87.66065","0","04:39:00","4","39","18279"
"2018-01-13","M","041A","19","1:30","900 W 114th Pl, Chicago, IL 60643","(41.6858303141799, -87.646015571253)","http://www.chicagotribune.com/news/local/breaking/ct-met-chicago-shootings-violence-20180112-story.html","41.6858303141799"," -87.646015571253","0","01:30:00","1","30","18278"
"2018-01-12","M","041A","24","21:19","2300 N Lawndale Ave, Chicago, IL 60647","(41.92287, -87.71974)","http://www.chicagotribune.com/news/local/breaking/ct-met-chicago-shootings-violence-20180112-story.html","41.92287"," -87.71974","0","21:19:00","21","19","18277"
"2018-01-12","M","041A","28","21:00","4700 W Huron St, Chicago, IL 60644","(41.89345, -87.74362)","http://www.chicagotribune.com/news/local/breaking/ct-met-chicago-shootings-violence-20180112-story.html","41.89345"," -87.74362","0","21:00:00","21","0","18276"
"2018-01-12","M","041A","18","20:55","9300 S Colfax Ave, Chicago, IL 60617","(41.7261620702709, -87.5608769484719)","http://www.chicagotribune.com/news/local/breaking/ct-met-chicago-shootings-violence-20180112-story.html","41.7261620702709"," -87.5608769484719","0","20:55:00","20","55","18275"
"2018-01-12","M","041A","17","20:55","9300 S Colfax Ave, Chicago, IL 60617","(41.7261620702709, -87.5608769484719)","http://www.chicagotribune.com/news/local/breaking/ct-met-chicago-shootings-violence-20180112-story.html","41.7261620702709"," -87.5608769484719","0","20:55:00","20","55","18274"
"2018-01-12","M","041A","","20:30","7500 S Stony Island Ave, Chicago, IL 60649","(41.7586219514795, -87.5861864578877)","http://www.chicagotribune.com/news/local/breaking/ct-met-chicago-shootings-violence-20180112-story.html","41.7586219514795"," -87.5861864578877","0","20:30:00","20","30","18273"
"2018-01-12","M","041A","25","17:45","W Madison St & N Kilbourn Ave, Chicago, IL 60624","(41.88059, -87.73792)","http://www.chicagotribune.com/news/local/breaking/ct-met-chicago-shootings-violence-20180112-story.html","41.88059"," -87.73792","0","17:45:00","17","45","18272"
"2018-01-12","F","1477","","14:47","6600 S Claremont Ave, Chicago, IL 60636","(41.77364, -87.68248)","http://www.chicagotribune.com/news/local/breaking/ct-met-chicago-shootings-violence-20180112-story.html","41.77364"," -87.68248","0","14:47:00","14","47","18271"
"2018-01-12","M","041A","21","12:26","3200 W Evergreen Ave, Chicago, IL 60651","(41.9056107109499, -87.7070360527895)","http://www.chicagotribune.com/news/local/breaking/ct-met-chicago-shootings-violence-20180112-story.html","41.9056107109499"," -87.7070360527895","0","12:26:00","12","26","18270"
"2018-01-11","M","110","32","11:27","5300 W Race Ave, Chicago, IL 60644","(41.8900524355784, -87.758055310601)","http://www.chicagotribune.com/news/local/breaking/ct-met-chicago-violence-shootings-20180111-story.html","41.8900524355784"," -87.758055310601","1","11:27:00","11","27","18297"
"2018-01-11","M","110","28","5:34","4900 S Cicero Ave, Chicago, IL 60632","(41.80371, -87.74344)","http://www.chicagotribune.com/news/local/breaking/ct-met-chicago-violence-shootings-20180111-story.html","41.80371"," -87.74344","1","05:34:00","5","34","18269"
"2018-01-11","M","031A","28","19:45","1300 W 51st St, Chicago, IL 60609","(41.8014534437225, -87.6576546327228)","http://www.chicagotribune.com/news/local/breaking/ct-met-chicago-violence-shootings-20180111-story.html","41.8014534437225"," -87.6576546327228","0","19:45:00","19","45","18268"
"2018-01-11","F","041A","34","18:15","700 N Homan Ave, Chicago, IL 60624","(41.89382, -87.71172)","http://www.chicagotribune.com/news/local/breaking/ct-met-chicago-violence-shootings-20180111-story.html","41.89382"," -87.71172","0","18:15:00","18","15","18267"
"2018-01-11","M","041A","18","18:15","700 N Homan Ave, Chicago, IL 60624","(41.89382, -87.71172)","http://www.chicagotribune.com/news/local/breaking/ct-met-chicago-violence-shootings-20180111-story.html","41.89382"," -87.71172","0","18:15:00","18","15","18266"
"2018-01-11","M","041A","24","12:30","6700 S Halsted St, Chicago, IL 60621","(41.77233, -87.64496)","http://www.chicagotribune.com/news/local/breaking/ct-met-chicago-violence-shootings-20180111-story.html","41.77233"," -87.64496","0","12:30:00","12","30","18265"
"2018-01-11","M","041A","15","16:50","5100 W Harrison St, Chicago, IL 60644","(41.8729949660743, -87.75337)","http://www.chicagotribune.com/news/local/breaking/ct-met-chicago-violence-shootings-20180111-story.html","41.8729949660743"," -87.75337","0","16:50:00","16","50","18264"
"2018-01-11","M","041A","26","11:27","5300 W Race Ave, Chicago, IL 60644","(41.7976516146237, -87.6550349893447)","http://www.chicagotribune.com/news/local/breaking/ct-met-chicago-violence-shootings-20180111-story.html","41.7976516146237"," -87.6550349893447","0","11:27:00","11","27","18263"
"2018-01-11","M","041A","18","00:45","4800 W Harrison St, Chicago, IL 60644","(41.8731749660595, -87.7451841819656)","http://www.chicagotribune.com/news/local/breaking/ct-met-chicago-shootings-violence-20180111-story.html","41.8731749660595"," -87.7451841819656","0","00:45:00","0","45","18262"
"2018-01-11","M","041A","38","14:15","5400 S Damen Ave, Chicago, IL 60609","(41.79561, -87.67474)","http://www.chicagotribune.com/news/local/breaking/ct-met-chicago-violence-shootings-20180111-story.html","41.79561"," -87.67474","0","14:15:00","14","15","9592"
"2018-01-10","M","041A","29","23:29","200 N Homan Ave, Chicago, IL 60624","(41.8847230326499, -87.7111753406269)","http://www.chicagotribune.com/news/local/breaking/ct-met-chicago-shootings-violence-20180111-story.html","41.8847230326499"," -87.7111753406269","0","23:29:00","23","29","18261"
"2018-01-09","M","041A","24","21:44","3700 N Cicero Ave, Chicago, IL 60641","(41.94809, -87.74748)","http://www.chicagotribune.com/news/local/breaking/ct-met-chicago-shootings-violence-010918-story.html","41.94809"," -87.74748","0","21:44:00","21","44","18260"
"2018-01-09","M","041A","18","19:26","2700 W Potomac Ave, Chicago, IL 60622","(41.90504, -87.69469)","http://www.chicagotribune.com/news/local/breaking/ct-met-chicago-shootings-violence-010918-story.html","41.90504"," -87.69469","0","19:26:00","19","26","18259"
"2018-01-09","M","041A","16","18:30","3000 W Lexington St, Chicago, IL 60612","(41.8719726691789, -87.7011451613837)","http://www.chicagotribune.com/news/local/breaking/ct-met-chicago-shootings-violence-010918-story.html","41.8719726691789"," -87.7011451613837","0","18:30:00","18","30","18258"
"2018-01-09","M","110","27","20:00","5132 W Adams St, Chicago, IL 60644","(41.8785312836904, -87.7540240246378)","http://www.chicagotribune.com/news/local/breaking/ct-met-chicago-shootings-violence-010918-story.html","41.8785312836904"," -87.7540240246378","1","20:00:00","20","0","18257"
"2018-01-09","M","041A","17","20:30","600 N Lamon Ave, Chicago, IL 60644","(41.891475717498, -87.7481959721889)","http://www.chicagotribune.com/news/local/breaking/ct-met-chicago-shootings-violence-010918-story.html","41.891475717498"," -87.7481959721889","0","20:30:00","20","30","18256"
"2018-01-09","M","0110 ","16","20:30","600 N Lamon Ave, Chicago, IL 60644","(41.891475717498, -87.7481959721889)","http://www.chicagotribune.com/news/local/breaking/ct-met-chicago-shootings-violence-010918-story.html","41.891475717498"," -87.7481959721889","0","20:30:00","20","30","18255"
"2018-01-09","M","041A","31","16:15","10100 S Halsted St, Chicago, IL 60628","(41.7104019801356, -87.6430465411909)","http://www.chicagotribune.com/news/local/breaking/ct-met-driver-shot-i57-story.html","41.7104019801356"," -87.6430465411909","0","16:15:00","16","15","18254"
"2018-01-09","M","041A","46","02:30","12100 S Bishop St, Chicago, IL 60643","(41.6738, -87.65795)","http://www.chicagotribune.com/news/local/breaking/ct-met-ccl-holder-fatally-shoots-robber-20180108-story.html","41.6738"," -87.65795","0","02:30:00","2","30","18251"
"2018-01-09","M","110","","03:50","1500 W Garfield Blvd, Chicago, IL 60609","(41.79433, -87.66237)","http://www.chicagotribune.com/news/local/breaking/ct-met-ccl-holder-fatally-shoots-robber-20180108-story.html","41.79433"," -87.66237","1","03:50:00","3","50","18250"
"2018-01-09","M","110","34","17:15","1900 N Albany Ave, Chicago, IL 60647","(41.91571, -87.70557)","http://www.chicagotribune.com/news/local/breaking/ct-met-chicago-shootings-violence-010918-story.html","41.91571"," -87.70557","1","17:15:00","17","15","9591"
"2018-01-09","M","041A","17","13:41","13300 S Calumet Ave, Chicago, IL 60827","(41.65348, -87.61446)","","41.65348"," -87.61446","0","13:41:00","13","41","9590"
"2018-01-09","M","041A","28","10:01","7200 S Claremont Ave, Chicago, IL 60636","(41.76278, -87.68223)","","41.76278"," -87.68223","0","10:01:00","10","1","9589"
"2018-01-08","M","041A","26","19:20","4000 W Monroe St, Chicago, IL 60624","(41.88003, -87.72583)","http://www.chicagotribune.com/news/local/breaking/ct-met-ccl-holder-fatally-shoots-robber-20180108-story.html","41.88003"," -87.72583","0","19:20:00","19","20","18253"
"2018-01-08","M","041A","21","19:20","4000 W Monroe St, Chicago, IL 60624","(41.88003, -87.72583)","http://www.chicagotribune.com/news/local/breaking/ct-met-ccl-holder-fatally-shoots-robber-20180108-story.html","41.88003"," -87.72583","0","19:20:00","19","20","18252"
"2018-01-08","M","","","17:45","5500 W Thomas St, Chicago, IL 60651","(41.90058, -87.76399)","http://www.chicagotribune.com/news/local/breaking/ct-met-ccl-holder-fatally-shoots-robber-20180108-story.html","41.90058"," -87.76399","0","17:45:00","17","45","18249"
"2018-01-08","M","041A","31","03:30","5400 W Eddy St, Chicago, IL 60641","(41.94529, -87.762)","http://www.chicagotribune.com/news/local/breaking/ct-met-chicago-shootings-violence-010718-story.html","41.94529"," -87.762","0","03:30:00","3","30","18248"
"2018-01-07","M","041A","30","19:30","1900 N Sawyer Ave, Chicago, IL 60647","(41.9157, -87.70906)","http://www.chicagotribune.com/news/local/breaking/ct-met-chicago-shootings-violence-010718-story.html","41.9157"," -87.70906","0","19:30:00","19","30","18247"
"2018-01-07","M","041A","17","20:50","1200 N Springfield Ave, Chicago, IL 60651","(41.9028157177627, -87.7239059829216)","http://www.chicagotribune.com/news/local/breaking/ct-met-chicago-shootings-violence-010718-story.html","41.9028157177627"," -87.7239059829216","0","20:50:00","20","50","18246"
"2018-01-07","M","041A","41","19:30","1400 W Washburne Ave, Chicago, IL 60608","(41.86631, -87.66193)","http://www.chicagotribune.com/news/local/breaking/ct-met-chicago-shootings-violence-010718-story.html","41.86631"," -87.66193","0","19:30:00","19","30","18245"
"2018-01-07","M","110","","16:05","700 N Christiana Ave, Chicago, IL 60624","(41.89384, -87.7105)","http://www.chicagotribune.com/news/local/breaking/ct-met-chicago-shootings-violence-010718-story.html","41.89384"," -87.7105","1","16:05:00","16","5","18244"
"2018-01-07","M","110","49","13:30","400 N Laramie Ave, Chicago, IL 60644","(41.8879829776454, -87.7554146374976)","http://www.chicagotribune.com/news/local/breaking/ct-met-chicago-shootings-violence-010718-story.html","41.8879829776454"," -87.7554146374976","1","13:30:00","13","30","18243"
"2018-01-07","M","033A","15","06:09","5000 S Hoyne Ave, Chicago, IL 60609","(41.8028814398419, -87.6770341960573)","http://www.chicagotribune.com/news/local/breaking/ct-met-chicago-shootings-violence-010718-story.html","41.8028814398419"," -87.6770341960573","0","06:09:00","6","9","18242"
"2018-01-07","M","033A","43","06:09","5000 S Hoyne Ave, Chicago, IL 60609","(41.8028814398419, -87.6770341960573)","http://www.chicagotribune.com/news/local/breaking/ct-met-chicago-shootings-violence-010718-story.html","41.8028814398419"," -87.6770341960573","0","06:09:00","6","9","18241"
"2018-01-07","M","041A","26","2:55","5700 S State St, Chicago, IL 60621","(41.79086, -87.62594)","http://www.chicagotribune.com/news/local/breaking/ct-met-chicago-violence-shooting-20180106-story.html","41.79086"," -87.62594","0","02:55:00","2","55","18239"
"2018-01-06","M","110","46","13:04","7200 S May St, Chicago, IL 60621","(41.76309, -87.65315)","http://www.chicagotribune.com/news/local/breaking/ct-met-chicago-violence-shooting-20180106-story.html","41.76309"," -87.65315","1","13:04:00","13","4","18240"
"2018-01-06","M","041A","16","13:30","6700 S Champlain Ave, Chicago, IL 60637","(41.7729421272938, -87.6094572375253)","http://www.chicagotribune.com/news/local/breaking/ct-met-chicago-violence-shooting-20180106-story.html","41.7729421272938"," -87.6094572375253","0","13:30:00","13","30","18238"
"2018-01-06","M","041A","29","6:28","3100 W Polk St, Chicago, IL 60612","(41.87124, -87.70353)","http://www.chicagotribune.com/news/local/breaking/ct-met-chicago-violence-shooting-20180106-story.html","41.87124"," -87.70353","0","06:28:00","6","28","18237"
"2018-01-06","M","041A","16","11:32","2500 W Flournoy St, Chicago, IL 60612","(41.8729912931705, -87.6888357261381)","http://www.chicagotribune.com/news/local/breaking/ct-met-chicago-violence-shooting-20180106-story.html","41.8729912931705"," -87.6888357261381","0","11:32:00","11","32","18236"
"2018-01-06","M","041A","35","11:12","2300 E 69th St, Chicago, IL 60649","(41.7699272448979, -87.5696571448337)","http://www.chicagotribune.com/news/local/breaking/ct-met-chicago-violence-shooting-20180106-story.html","41.7699272448979"," -87.5696571448337","0","11:12:00","11","12","18235"
"2018-01-06","M","041A","31","2:20","2300 W Jackson Blvd, Chicago, IL 60612","(41.87786, -87.68446)","http://www.chicagotribune.com/news/local/breaking/ct-met-chicago-shootings-violence-20180105-story.html","41.87786"," -87.68446","0","02:20:00","2","20","18232"
"2018-01-06","M","041A","30","00:32","2800 N California Ave, Chicago, IL 60618","(41.9322347506339, -87.6976695010821)","http://www.chicagotribune.com/news/local/breaking/ct-met-chicago-shootings-violence-20180105-story.html","41.9322347506339"," -87.6976695010821","0","00:32:00","0","32","18231"
"2018-01-05","M","110","35","18:05","5300 W Lake St, Chicago, IL 60644","(41.8873449660883, -87.757875)","http://www.chicagotribune.com/news/local/breaking/ct-met-chicago-shootings-violence-20180105-story.html","41.8873449660883"," -87.757875","1","18:05:00","18","5","18234"
"2018-01-05","M","110","29","12:10","1512 E 62nd St, Chicago, IL 60637","(41.7829249669847, -87.5890660779075)","http://www.chicagotribune.com/news/local/breaking/ct-met-chicago-shootings-violence-20180105-story.html","41.7829249669847"," -87.5890660779075","1","12:10:00","12","10","18233"
"2018-01-05","M","041A","30","19:07","4100 W Armitage Ave, Chicago, IL 60639","(41.91737, -87.72916)","http://www.chicagotribune.com/news/local/breaking/ct-met-chicago-shootings-violence-20180105-story.html","41.91737"," -87.72916","0","19:07:00","19","7","18230"
"2018-01-05","F","041A","19","12:48","3700 W Montrose Ave, Chicago, IL 60618","(41.96127, -87.72069)","http://www.chicagotribune.com/news/local/breaking/ct-met-chicago-shootings-violence-20180105-story.html","41.96127"," -87.72069","0","12:48:00","12","48","18229"
"2018-01-05","M","041A","29","10:47","750 N Homan Ave, Chicago, IL 60624","(41.89505285359, -87.7114404082362)","http://www.chicagotribune.com/news/local/breaking/ct-met-chicago-shootings-violence-20180105-story.html","41.89505285359"," -87.7114404082362","0","10:47:00","10","47","18228"
"2018-01-05","M","041A","16","10:30","3600 W Lexington St, Chicago, IL 60624","(41.87199, -87.71575)","http://www.chicagotribune.com/news/local/breaking/ct-met-chicago-shootings-violence-20180105-story.html","41.87199"," -87.71575","0","10:30:00","10","30","18227"
"2018-01-05","M","031A","29","00:10","2500 E 77th St, Chicago, IL 60649","(41.7554549663227, -87.5636461563564)","http://www.chicagotribune.com/news/local/breaking/ct-met-chicago-shootings-violence-20180104-story.html","41.7554549663227"," -87.5636461563564","0","00:10:00","0","10","18226"
"2018-01-05","M","041A","27","20:15","3900 W 26th St, Chicago, IL 60623","(41.84452, -87.72232)","http://www.chicagotribune.com/news/local/breaking/ct-met-chicago-shootings-violence-20180105-story.html","41.84452"," -87.72232","0","20:15:00","20","15","9588"
"2018-01-04","M","041A","17","17:20","700 N Pulaski Rd, Chicago, IL 60624","(41.8936465827916, -87.7260926690074)","http://www.chicagotribune.com/news/local/breaking/ct-met-chicago-shootings-violence-20180104-story.html","41.8936465827916"," -87.7260926690074","0","17:20:00","17","20","18225"
"2018-01-04","M","1477","42","18:30","9300 S Baltimore Ave, Chicago, IL 60617","(41.7263118001656, -87.5484557605875)","http://www.chicagotribune.com/news/local/breaking/ct-met-chicago-shootings-violence-20180104-story.html","41.7263118001656"," -87.5484557605875","0","18:30:00","18","30","18224"
"2018-01-04","M","041A","25","16:20","3500 W 23rd St, Chicago, IL 60623","(41.8499164489474, -87.7126734503201)","http://www.chicagotribune.com/news/local/breaking/ct-met-chicago-shootings-violence-20180104-story.html","41.8499164489474"," -87.7126734503201","0","16:20:00","16","20","18223"
"2018-01-04","M","041A","","02:02","7200 S Saint Lawrence Ave, Chicago, IL 60619","(41.76381, -87.61072)","http://www.chicagotribune.com/news/local/breaking/ct-chicago-shootings-violence-20180103-story.html","41.76381"," -87.61072","0","02:02:00","2","2","18222"
"2018-01-03","M","041A","22","21:10","200 E 58th St, Chicago, IL 60637","(41.76381, -87.61072)","http://www.chicagotribune.com/news/local/breaking/ct-chicago-shootings-violence-20180103-story.html","41.76381"," -87.61072","0","21:10:00","21","10","18221"
"2018-01-03","M","041A","20","17:13","E 130th St, Chicago, IL 60628","(41.65957, -87.59682)","http://www.chicagotribune.com/news/local/breaking/ct-chicago-shootings-violence-20180103-story.html","41.65957"," -87.59682","0","17:13:00","17","13","18220"
"2018-01-03","M","041A","20","15:43","7400 S Vincennes Ave, Chicago, IL 60621","(41.7599157136535, -87.6305864803377)","http://www.chicagotribune.com/news/local/breaking/ct-chicago-shootings-violence-20180103-story.html","41.7599157136535"," -87.6305864803377","0","15:43:00","15","43","18219"
"2018-01-02","M","041A","27","21:10","9200 S Blackstone Ave, Chicago, IL 60619","(41.72764, -87.58827)","http://www.chicagotribune.com/news/local/breaking/ct-met-chicago-shootings-violence-20180102-story.html","41.72764"," -87.58827","0","21:10:00","21","10","18218"
"2018-01-02","F","041A","27","14:57","6400 S Calumet Ave, Chicago, IL 60637","(41.7788302396467, -87.6173098445364)","http://www.chicagotribune.com/news/local/breaking/ct-met-woman-shot-facebook-live-20180102-story.html","41.7788302396467"," -87.6173098445364","0","14:57:00","14","57","18217"
"2018-01-02","M","041A","30","13:30","2500 W Touhy Ave, Chicago, IL 60645","(42.01255, -87.69291)","http://www.chicagotribune.com/news/local/breaking/ct-met-chicago-shootings-violence-20180102-story.html","42.01255"," -87.69291","0","13:30:00","13","30","18216"
"2018-01-01","M","041A","24","00:05","4000 W Oakdale Ave, Chicago, IL 60641","(41.9345721211045, -87.7272155694079)","http://www.chicagotribune.com/news/local/breaking/ct-met-chicago-shootings-violence-new-years-day-20180101-story.html","41.9345721211045"," -87.7272155694079","0","00:05:00","0","5","18215"
"2018-01-01","M","110","34","16:59","4700 S Princeton Ave, Chicago, IL 60609","(41.8089419981233, -87.6334367069308)","http://www.chicagotribune.com/news/local/breaking/ct-met-chicago-shootings-violence-new-years-day-20180101-story.html","41.8089419981233"," -87.6334367069308","1","16:59:00","16","59","18214"
"2018-01-01","M","041A","","17:43","3800 W 71st St, Chicago, IL 60629","(41.76442, -87.71768)","http://www.chicagotribune.com/news/local/breaking/ct-met-chicago-shootings-violence-new-years-day-20180101-story.html","41.76442"," -87.71768","0","17:43:00","17","43","18213"
"2018-01-01","M","041A","24","3:27","500 W 127th Pl, Chicago, IL 60628","(41.6624220665657, -87.6343048052803)","http://www.chicagotribune.com/news/local/breaking/ct-met-chicago-shootings-violence-new-years-eve-20171231-story.html","41.6624220665657"," -87.6343048052803","0","03:27:00","3","27","18212"
"2018-01-01","M","041A","24","2:15","6100 N Claremont Ave, Chicago, IL 60659","(41.9924, -87.68884)","http://www.chicagotribune.com/news/local/breaking/ct-met-chicago-shootings-violence-new-years-eve-20171231-story.html","41.9924"," -87.68884","0","02:15:00","2","15","18211"
"2018-01-01","M","110","51","2:20","3900 W Cornelia Ave, Chicago, IL 60618","(41.94485, -87.72513)","http://www.chicagotribune.com/news/local/breaking/ct-met-chicago-shootings-violence-new-years-eve-20171231-story.html","41.94485"," -87.72513","1","02:20:00","2","20","18210"
"2018-01-01","M","041A","35","1:24","8100 S Drexel Ave, Chicago, IL 60619","(41.74736, -87.60298)","http://www.chicagotribune.com/news/local/breaking/ct-met-chicago-shootings-violence-new-years-eve-20171231-story.html","41.74736"," -87.60298","0","01:24:00","1","24","18209"
"2018-01-01","M","041A","31","1:44","11 N Wabash Ave, Chicago, IL 60602","(41.88253, -87.62572)","http://www.chicagotribune.com/news/local/breaking/ct-met-chicago-shootings-violence-new-years-eve-20171231-story.html","41.88253"," -87.62572","0","01:44:00","1","44","18208"
"2018-01-01","F","041A","18","1:30","5400 W Jackson Blvd, Chicago, IL 60644","(41.87685, -87.75969)","http://www.chicagotribune.com/news/local/breaking/ct-met-chicago-shootings-violence-new-years-eve-20171231-story.html","41.87685"," -87.75969","0","01:30:00","1","30","18207"
"2018-01-01","M","041A","21","1:30","5400 W Jackson Blvd, Chicago, IL 60644","(41.87685, -87.75969)","http://www.chicagotribune.com/news/local/breaking/ct-met-chicago-shootings-violence-new-years-eve-20171231-story.html","41.87685"," -87.75969","0","01:30:00","1","30","18206"